model_id,model,family,context,runs_completed,expected_runs,complete,task_count,per_run_passes,per_run_totals,mean_passes,median_passes,min_passes,max_passes,majority_pass,majority_pct,all_three_pass,all_three_pct,unstable_task_count,missed_all_task_count,peak_vram_mib,unstable_tasks,missed_all_tasks
qwen36-35b-a3b-iq4xs,Qwen3.6-35B-A3B IQ4_XS,Qwen,256K,3,3,yes,23,20/20/20,23/23/23,20.00,20.00,20,20,20,86.96,20,86.96,0,3,20570,,fn_004_dedupe_users;game_004_minesweeper_grid;web_003_multi_page_ordering_site
qwen3-coder-30b-a3b-iq4xs,Qwen3-Coder-30B-A3B IQ4_XS,Qwen Coder,128K,3,3,yes,23,18/18/18,23/23/23,18.00,18.00,18,18,18,78.26,18,78.26,0,5,19872,,game_004_minesweeper_grid;repo_005_fix_auth_permission_bug;repo_008_long_context_policy_resolution;web_002_checkout_form;web_003_multi_page_ordering_site
devstral-small2-24b-q4km,Devstral Small 2 24B Q4_K_M,Mistral/Devstral,128K,3,3,yes,23,17/17/17,23/23/23,17.00,17.00,17,17,17,73.91,17,73.91,0,6,20130,,fn_002_calculate_pricing;fn_004_dedupe_users;game_004_minesweeper_grid;repo_006_refactor_without_api_change;web_001_order_dashboard;web_004_kitchen_admin_dashboard
nemotron3-nano-30b-a3b-iq4xs,Nemotron-3-Nano-30B-A3B IQ4_XS,NVIDIA,256K,3,3,yes,23,13/13/13,23/23/23,13.00,13.00,13,13,13,56.52,13,56.52,0,10,18898,,fn_002_calculate_pricing;fn_004_dedupe_users;game_002_2048_grid;game_003_tetris_canvas;game_004_minesweeper_grid;repo_001_cli_json_format;web_001_order_dashboard;web_002_checkout_form;web_003_multi_page_ordering_site;web_004_kitchen_admin_dashboard
glm-4.7-flash-iq4xs,GLM-4.7-Flash IQ4_XS,GLM,128K,3,3,yes,23,12/12/12,23/23/23,12.00,12.00,12,12,12,52.17,12,52.17,0,11,18208,,fn_001_parse_logs;fn_002_calculate_pricing;fn_004_dedupe_users;game_001_snake_canvas;game_002_2048_grid;game_003_tetris_canvas;game_004_minesweeper_grid;repo_006_refactor_without_api_change;repo_008_long_context_policy_resolution;web_003_multi_page_ordering_site;web_004_kitchen_admin_dashboard
nemotron3-nano-omni-30b-a3b-reasoning-iq3s,NVIDIA Nemotron Omni 30B UD-IQ3_S,NVIDIA,32K,3,3,yes,23,12/12/12,23/23/23,12.00,12.00,12,12,12,52.17,12,52.17,0,11,18454,,fn_004_dedupe_users;fn_005_retry_schedule;game_001_snake_canvas;game_002_2048_grid;game_003_tetris_canvas;game_004_minesweeper_grid;repo_008_long_context_policy_resolution;web_001_order_dashboard;web_002_checkout_form;web_003_multi_page_ordering_site;web_004_kitchen_admin_dashboard
nemotron3-nano-omni-30b-a3b-reasoning-iq4xs,NVIDIA Nemotron Omni 30B IQ4_XS,NVIDIA,128K,3,3,yes,23,12/12/12,23/23/23,12.00,12.00,12,12,12,52.17,12,52.17,0,11,19474,,fn_001_parse_logs;fn_003_merge_intervals;fn_004_dedupe_users;game_001_snake_canvas;game_002_2048_grid;game_003_tetris_canvas;game_004_minesweeper_grid;repo_007_long_context_checkout_totals;web_001_order_dashboard;web_003_multi_page_ordering_site;web_004_kitchen_admin_dashboard
gpt-oss-20b-mxfp4,gpt-oss-20b MXFP4,OpenAI OSS,256K,3,3,yes,23,9/9/9,23/23/23,9.00,9.00,9,9,9,39.13,9,39.13,0,14,14034,,fn_002_calculate_pricing;fn_003_merge_intervals;fn_004_dedupe_users;game_001_snake_canvas;game_002_2048_grid;game_003_tetris_canvas;game_004_minesweeper_grid;repo_004_add_config_option;repo_006_refactor_without_api_change;repo_007_long_context_checkout_totals;web_001_order_dashboard;web_002_checkout_form;web_003_multi_page_ordering_site;web_004_kitchen_admin_dashboard
deepseek-coder-v2-lite-q4km,DeepSeek-Coder-V2-Lite Q4_K_M,DeepSeek,128K,3,3,yes,23,4/4/4,23/23/23,4.00,4.00,4,4,4,17.39,4,17.39,0,19,20386,,fn_001_parse_logs;fn_002_calculate_pricing;fn_003_merge_intervals;fn_004_dedupe_users;fn_005_retry_schedule;fn_006_rank_results;game_001_snake_canvas;game_002_2048_grid;game_003_tetris_canvas;game_004_minesweeper_grid;repo_001_cli_json_format;repo_005_fix_auth_permission_bug;repo_006_refactor_without_api_change;repo_007_long_context_checkout_totals;repo_008_long_context_policy_resolution;repo_009_cross_file_config_flag;web_001_order_dashboard;web_003_multi_page_ordering_site;web_004_kitchen_admin_dashboard
